Coefficient,Estimate
elev,0.4770200850112835
dist,-0.21123617106206008
cos_ta,0.965675435074674
